<?xml version="1.0" encoding="UTF-8" standalone="yes"?>
<assembly xmlns="urn:schemas-microsoft-com:asm.v1" manifestVersion="1.0">
<assemblyIdentity version="1.0.0.0" name="ucm.igproject.makezip" type="win32"/>
<trustInfo>
  <security>
    <requestedPrivileges>
       <requestedExecutionLevel level='asInvoker' uiAccess='false'/>
    </requestedPrivileges>
  </security>
</trustInfo>
<description>IGProject - Generador de paquetes para la entrega</description>
<dependency>
    <dependentAssembly>
        <assemblyIdentity
            type="win32"
            name="Microsoft.Windows.Common-Controls"
            version="6.0.0.0"
            processorArchitecture="*"
            publicKeyToken="6595b64144ccf1df"
            language="*"
        />
    </dependentAssembly>
</dependency>
<application>
  <windowsSettings>
    <activeCodePage xmlns="http://schemas.microsoft.com/SMI/2019/WindowsSettings">UTF-8</activeCodePage>
  </windowsSettings>
</application>
</assembly>

